{
  "id": "65d55f41-d7aa-4b0b-9c1c-a76b1e29c3f4",
  "generation": 2,
  "iteration": 5,
  "current_iteration": 10,
  "metrics": {
    "heat_map_train_time_elapsed": 0.7885953750228509,
    "average_heat_map_inference_time_elapsed": 1.1423923417833066,
    "average_tsp_run_time_elapsed": 1.0722294927136318,
    "average_path_length": 11.042780833026683,
    "path_length_variance": 0.04975397220021329,
    "combined_score": 0.2570483406899565
  },
  "language": "python",
  "timestamp": 1759949534.1712298,
  "saved_at": 1759951549.49783
}