{
  "id": "340d37de-bcc2-42f7-8964-2dcc9dba0d3d",
  "generation": 4,
  "iteration": 23,
  "current_iteration": 23,
  "metrics": {
    "heat_map_train_time_elapsed": 0.7788966250373051,
    "average_heat_map_inference_time_elapsed": 1.105759514309284,
    "average_tsp_run_time_elapsed": 0.4760910285949649,
    "average_path_length": 11.054266892277163,
    "path_length_variance": 0.05408256689658855,
    "combined_score": 0.9991586815998446
  },
  "language": "python",
  "timestamp": 1759954911.039263,
  "saved_at": 1759954911.08376
}