{
  "id": "d5a27e6e-49a2-4298-9baa-c9c3f0d91fd5",
  "generation": 4,
  "iteration": 16,
  "current_iteration": 36,
  "metrics": {
    "heat_map_train_time_elapsed": 0.8123416249873117,
    "average_heat_map_inference_time_elapsed": 1.2271092825012602,
    "average_tsp_run_time_elapsed": 6.3693467656285065,
    "average_path_length": 16.898491151964418,
    "path_length_variance": 0.043697920422074786,
    "combined_score": 0.08689463423971586
  },
  "language": "python",
  "timestamp": 1760028096.210314,
  "saved_at": 1760036835.2924721
}