{
  "id": "c53a6141-201b-478f-b51e-a29da89164f4",
  "generation": 0,
  "iteration": 0,
  "current_iteration": 15,
  "metrics": {
    "heat_map_train_time_elapsed": 0.8861724169692025,
    "average_heat_map_inference_time_elapsed": 1.2345004650032934,
    "average_tsp_run_time_elapsed": 38.06452374988112,
    "average_path_length": 17.021955307934128,
    "path_length_variance": 0.0375279655071298,
    "combined_score": 0.06731694042227243
  },
  "language": "python",
  "timestamp": 1760022676.547648,
  "saved_at": 1760027868.8297741
}