{
  "id": "a2ad65e3-9423-4769-9f84-4a6fa7c5cae9",
  "generation": 1,
  "iteration": 2,
  "current_iteration": 4,
  "metrics": {
    "heat_map_train_time_elapsed": 0.7868508329847828,
    "average_heat_map_inference_time_elapsed": 1.09901546481251,
    "average_tsp_run_time_elapsed": 1.7127066209868644,
    "average_path_length": 11.083802790459366,
    "path_length_variance": 0.06336085098786261,
    "combined_score": 0.03790369016830257
  },
  "language": "python",
  "timestamp": 1759948636.4467041,
  "saved_at": 1759949242.21475
}