{
  "id": "cec28e59-3803-4520-8f69-35900f2f07b5",
  "generation": 1,
  "iteration": 1,
  "current_iteration": 1,
  "metrics": {
    "heat_map_train_time_elapsed": 0.7773003340116702,
    "average_heat_map_inference_time_elapsed": 1.1500401139910537,
    "average_tsp_run_time_elapsed": 2.787078693969306,
    "average_path_length": 11.137769974769608,
    "path_length_variance": 0.05164468010579598,
    "combined_score": 0.010685526992581962
  },
  "language": "python",
  "timestamp": 1759948351.094281,
  "saved_at": 1759948351.103008
}