{"island_feature_maps": [{"5-0": "f4ad5965-d039-40b7-a7da-30db14a52685", "9-5": "cec28e59-3803-4520-8f69-35900f2f07b5", "3-0": "a2ad65e3-9423-4769-9f84-4a6fa7c5cae9", "9-9": "4c877bae-94f4-414d-931c-64f62f565804"}, {}, {}], "islands": [["a2ad65e3-9423-4769-9f84-4a6fa7c5cae9", "cec28e59-3803-4520-8f69-35900f2f07b5", "4c877bae-94f4-414d-931c-64f62f565804", "f4ad5965-d039-40b7-a7da-30db14a52685"], [], []], "archive": ["a2ad65e3-9423-4769-9f84-4a6fa7c5cae9", "cec28e59-3803-4520-8f69-35900f2f07b5", "4c877bae-94f4-414d-931c-64f62f565804", "f4ad5965-d039-40b7-a7da-30db14a52685"], "best_program_id": "a2ad65e3-9423-4769-9f84-4a6fa7c5cae9", "island_best_programs": ["a2ad65e3-9423-4769-9f84-4a6fa7c5cae9", null, null], "last_iteration": 3, "current_island": 0, "island_generations": [3, 0, 0], "last_migration_generation": 0, "feature_stats": {"complexity": {"min": 41262.0, "max": 47778.0, "values": [41262.0, 44786.0, 42533.0, 47778.0]}, "diversity": {"min": 551.7, "max": 1703.1000000000001, "values": [1103.4, 551.7, 1703.1000000000001]}}}