{
  "id": "8d08534c-97ad-4eb2-bee6-2e17f8cdb811",
  "generation": 5,
  "iteration": 42,
  "current_iteration": 62,
  "metrics": {
    "heat_map_train_time_elapsed": 0.7933106669806875,
    "average_heat_map_inference_time_elapsed": 1.249152092530494,
    "average_tsp_run_time_elapsed": 64.63530222003646,
    "average_path_length": 16.764109154480252,
    "path_length_variance": 0.0427243801724028,
    "combined_score": 0.11661339631291537
  },
  "language": "python",
  "timestamp": 1760039027.046376,
  "saved_at": 1760084332.310297
}