{
  "id": "e98ae9d9-174c-4ec4-b7c9-c09561fbf1c6",
  "generation": 3,
  "iteration": 14,
  "current_iteration": 18,
  "metrics": {
    "heat_map_train_time_elapsed": 0.7628647079691291,
    "average_heat_map_inference_time_elapsed": 1.1177102995488895,
    "average_tsp_run_time_elapsed": 0.8002113704360454,
    "average_path_length": 11.045175329861186,
    "path_length_variance": 0.04796193392236526,
    "combined_score": 0.48369455245689824
  },
  "language": "python",
  "timestamp": 1759952788.794452,
  "saved_at": 1759953643.560918
}